event_date,horizon,party,main,official,model,fc_lo,fc_hi,last_poll,mean_4w,prev_result,lo50,hi50,lo80,hi80,lo95,hi95,lo50_h,hi50_h,lo80_h,hi80_h,lo95_h,hi95_h
2022-06-19,6,PP,True,43.11,37.07745108576455,35.94713905411297,38.207763117416135,34.6,36.170833333333334,20.75,35.13,39.2125,33.32,41.045,30.9985,43.16525,35.09,39.245000000000005,33.259,41.106,30.898500000000002,43.27525
2022-06-19,6,PSOE,True,24.1,24.10151852494097,23.408863896448228,24.794173153433714,25.3,25.241666666666664,27.94,22.7975,25.645,21.618000000000002,27.011000000000003,20.16325,28.67224999999999,22.78,25.6625,21.588,27.041999999999998,20.118,28.722249999999992
2022-06-19,6,VOX,True,13.47,16.33227351179471,15.232372374395613,17.432174649193808,20.2,17.395833333333332,10.96,15.0175,17.549999999999997,13.65,18.951,12.31475,20.222499999999997,14.97,17.59,13.55,19.051000000000002,12.16475,20.362499999999997
2022-06-19,6,PorA,True,7.7,8.44453544043867,7.9476056186573985,8.941465262219943,7.9,8.670833333333334,,7.2675,9.5925,6.31,10.662,5.221250000000001,11.845749999999999,7.2475000000000005,9.61,6.28,10.692,5.176000000000001,11.89575
2022-06-19,6,ADELANTE,True,4.91,6.011188699095392,5.534932495597779,6.487444902593005,4.9,5.366666666666667,,5.0375,6.925,4.074999999999999,8.013,2.658000000000001,9.211999999999998,5.035,6.935,4.064,8.024000000000001,2.632750000000001,9.237249999999998
2022-06-19,6,Cs,False,3.3,3.5691531386243467,3.1299845785009643,4.0083216987477295,4.0,3.486363636363636,18.28,2.4675000000000002,4.4125,1.5069999999999997,5.412000000000001,0.2847500000000001,6.615749999999999,2.4675000000000002,4.4125,1.5069999999999997,5.412000000000001,0.2847500000000001,6.615749999999999
2022-06-19,6,PACMA,False,0.95,1.8715104695079292,1.041035268085801,2.7019856709300574,,2.0,1.93,0.91,2.72,0.0,3.9310000000000005,0.0,5.906749999999999,0.91,2.7225,0.0,3.94,0.0,5.906749999999999
2022-06-19,6,JM+,False,0.51,,,,,0.7,,,,,,,,,,,,,
2022-06-19,30,PP,True,43.11,35.95114192111389,34.27086697049552,37.631416871732256,35.3,35.85714285714286,20.75,33.644999999999996,38.265,31.498,40.3,28.5985,42.3905,33.495,38.4225,31.208000000000002,40.59,28.1185,42.805749999999996
2022-06-19,30,PSOE,True,24.1,26.34148350176588,25.677230713953993,27.005736289577765,27.05,26.435714285714287,27.94,24.72,28.175,23.31,29.902,21.07025,32.0,24.6475,28.262500000000003,23.17,30.071,20.825000000000003,32.26
2022-06-19,30,VOX,True,13.47,16.943008214524028,15.454423651404472,18.431592777643584,19.3,16.942857142857143,10.96,15.14,18.509999999999998,13.32,20.41,11.757500000000002,22.11525,14.9275,18.700000000000003,12.88,20.83,11.127,22.74525
2022-06-19,30,PorA,True,7.7,9.432676018321938,8.593619951008462,10.271732085635415,9.35,8.857142857142858,,8.225000000000001,10.93,6.84,12.57,5.134250000000001,14.210999999999999,8.165,11.01,6.71,12.73,4.9190000000000005,14.450999999999999
2022-06-19,30,ADELANTE,True,4.91,3.8233587353792053,2.495180516544984,5.151536954213427,3.4,4.3999999999999995,,2.2875,5.1525,1.0569999999999997,6.714000000000001,0.0,8.010249999999996,2.2775,5.1625,1.0369999999999997,6.7440000000000015,0.0,8.050249999999995
2022-06-19,30,Cs,False,3.3,3.438099199688814,2.7693839783814633,4.106814420996165,2.5,3.75,18.28,2.095,4.675,0.6999999999999991,5.901000000000001,0.0,7.600499999999999,2.095,4.675,0.6899999999999991,5.9110000000000005,0.0,7.610499999999999
2022-06-19,30,PACMA,False,0.95,1.7919319105359324,-0.47624915178349303,4.060112972855357,,1.8,1.93,0.125,2.8425000000000002,0.0,4.805000000000001,0.0,8.15199999999999,0.125,2.8425000000000002,0.0,4.815,0.0,8.16674999999999
2022-06-19,30,JM+,False,0.51,,,,,,,,,,,,,,,,,,
2026-05-17,6,PP,True,41.56,42.75209875257669,42.06946514724754,43.434732357905844,42.95,43.011111111111106,43.11,40.64,44.5325,38.549,46.791,36.2965,49.03625,40.59,44.5725,38.459,46.881,36.1565,49.17625
2026-05-17,6,PSOE,True,22.76,22.01002073130854,21.045988791092945,22.974052671524134,22.549999999999997,22.577777777777772,24.1,20.55,23.515,19.09,25.065,17.44,26.601,20.54,23.535,19.058999999999997,25.095000000000002,17.39,26.651
2026-05-17,6,VOX,True,13.82,14.160470636602959,13.585557313925477,14.73538395928044,14.25,14.22777777777778,13.47,12.6425,15.5,11.338,16.622,9.852750000000002,17.99675,12.6325,15.51,11.318,16.642,9.822750000000001,18.022
2026-05-17,6,ADELANTE,True,9.61,7.001482782044363,6.596944021765058,7.406021542323668,6.95,6.777777777777778,4.91,6.075,7.995,5.189,9.211,3.902750000000001,10.337749999999998,6.0725,7.995,5.178999999999999,9.211,3.892750000000001,10.342499999999998
2026-05-17,6,PorA,True,6.34,8.06339665906339,7.624077544381073,8.502715773745706,7.65,7.927777777777779,7.7,7.0275,9.2025,6.029,10.153,4.8485000000000005,11.3705,7.025,9.21,6.0280000000000005,10.163,4.838500000000001,11.3805
2026-05-17,6,SALF,False,2.53,2.1556765424645734,1.4542542152031919,2.857098869725955,3.0,2.1555555555555554,,1.1375,3.03,0.2389999999999999,3.9510000000000005,0.0,5.2604999999999995,1.1375,3.04,0.2389999999999999,3.96,0.0,5.26575
2026-05-17,30,PP,True,41.56,42.349777492119635,41.684146450439926,43.015408533799345,43.25,42.95555555555555,43.11,39.97,44.555,37.83,46.931000000000004,35.175250000000005,49.2555,39.7475,44.755,37.42,47.352000000000004,34.51950000000001,49.885999999999996
2026-05-17,30,PSOE,True,22.76,21.7991919039452,20.83592567229393,22.76245813559647,21.8,22.41111111111111,24.1,20.07,23.689999999999998,18.002000000000002,25.582,15.688250000000004,27.84525,20.0075,23.770000000000003,17.852,25.732,15.443000000000003,28.08525
2026-05-17,30,VOX,True,13.82,15.778938332146552,14.127946725500806,17.4299299387923,13.850000000000001,15.5,13.47,13.7875,17.384999999999998,12.443999999999999,18.88,9.6675,21.33575,13.74,17.4175,12.363999999999999,18.95,9.522250000000001,21.46575
2026-05-17,30,ADELANTE,True,9.61,6.311461151803062,5.952304014334975,6.670618289271149,6.5,6.144444444444445,4.91,4.99,7.8549999999999995,3.627,9.261,1.8177500000000029,10.7005,4.98,7.865,3.6159999999999997,9.280999999999999,1.792500000000003,10.72575
2026-05-17,30,PorA,True,6.34,7.283254174325194,6.681328983367722,7.885179365282665,7.75,7.122222222222224,7.7,5.865,8.605,4.526,9.856000000000002,2.96475,11.321999999999997,5.8225,8.645,4.436,9.936000000000002,2.8295,11.441999999999998
2026-05-17,30,SALF,False,2.53,1.6691925801229957,0.8746279628234442,2.463757197422547,2.0,1.7,,0.37,2.8525,0.0,4.282000000000001,0.0,5.745999999999995,0.3675,2.8525,0.0,4.292000000000001,0.0,5.755999999999995
