event_date,horizon,block,parties,official_seats,model_seats,p_majority,majority,brier,log_score,seats_valid,model_seats_h,p_majority_h,brier_h,log_score_h
2019-05-26,6,Derecha,PP+VOX+Cs,68.0,66.0,0.444,True,0.3091360000000001,0.8119307165499123,True,66.0,0.442,0.3113640000000001,0.816445396904439
2019-05-26,6,Izquierda,PSOE+UP+MM,64.0,66.0,0.456,False,0.207936,0.6088060321261943,True,66.0,0.46,0.2116,0.616186139423817
2019-05-26,30,Derecha,PP+VOX+Cs,68.0,71.0,0.78,True,0.04839999999999999,0.2484613592984996,True,71.0,0.772,0.05198399999999999,0.25877072895736086
2019-05-26,30,Izquierda,PSOE+UP+MM,64.0,61.0,0.156,False,0.024336,0.16960278438617998,True,61.0,0.18,0.0324,0.19845093872383818
2021-05-04,6,Derecha,PP+VOX+Cs,78.0,72.0,0.872,True,0.016384,0.13696585507315742,True,72.0,0.874,0.015876,0.1346749033266016
2021-05-04,6,Izquierda,PSOE+UP+MM,58.0,64.0,0.082,False,0.006724000000000001,0.08555788836164654,True,64.0,0.088,0.007743999999999999,0.09211528890780563
2021-05-04,30,Derecha,PP+VOX+Cs,78.0,71.0,0.75,True,0.0625,0.2876820724517809,True,71.0,0.73,0.0729,0.31471074483970024
2021-05-04,30,Izquierda,PSOE+UP+MM,58.0,65.0,0.172,False,0.029583999999999996,0.18874212459687728,True,65.0,0.188,0.035344,0.20825493882045903
2023-05-28,6,Derecha,PP+VOX,81.0,79.0,0.996,True,1.600000000000003e-05,0.004008021397538822,True,79.0,0.996,1.600000000000003e-05,0.004008021397538822
2023-05-28,6,Izquierda,PSOE+UP+MM,54.0,56.0,0.004,False,1.6e-05,0.004008021397538822,True,56.0,0.004,1.6e-05,0.004008021397538822
2023-05-28,30,Derecha,PP+VOX,81.0,77.0,0.952,True,0.002304000000000004,0.04919024419077178,True,78.0,0.936,0.004095999999999993,0.06613980250454495
2023-05-28,30,Izquierda,PSOE+UP+MM,54.0,58.0,0.044,False,0.0019359999999999998,0.044997365930735805,True,57.0,0.058,0.0033640000000000002,0.05975000440577405
