event_date,horizon,region,region_name,party,main,official_pct,model_pct,sd_pct,official_seats,model_seats,crps_seats,lo50_pct,hi50_pct,lo80_pct,hi80_pct,lo95_pct,hi95_pct,lo50_seats,hi50_seats,lo80_seats,hi80_seats,lo95_seats,hi95_seats
2019-05-26,6,28,Madrid,PSOE,True,27.31,27.13,2.5150274896310774,37.0,38.0,0.8943039999999998,25.62,28.82,23.985,30.201,21.727500000000003,31.67675,36.0,40.0,34.0,42.0,31.47500000000001,45.0
2019-05-26,6,28,Madrid,PP,True,22.23,21.125,1.949412956148594,30.0,29.0,0.6792079999999998,19.8925,22.425,18.71,23.811999999999998,17.2875,25.158749999999998,28.0,32.0,26.0,33.0,24.0,35.0
2019-05-26,6,28,Madrid,Cs,True,19.46,17.655,2.1910791098451923,26.0,25.0,0.9543520000000001,16.21,19.095,15.007,20.556,13.818,22.16525,23.0,27.0,21.0,29.0,19.0,31.0
2019-05-26,6,28,Madrid,MM,True,14.69,11.135000000000002,1.9840375088188227,20.0,15.0,3.2645239999999998,9.8975,12.33,8.859,13.641,7.159,15.221499999999999,14.0,17.0,12.0,19.0,10.0,21.0
2019-05-26,6,28,Madrid,VOX,True,8.88,8.51,1.8212340584340059,12.0,12.0,0.5625559999999998,7.4775,9.6325,6.157,10.912,4.538000000000001,12.110499999999998,10.0,13.0,8.0,15.0,0.0,17.0
2019-05-26,6,28,Madrid,UP,True,5.6,9.335,1.9194982677772858,7.0,13.0,4.34824,8.114999999999998,10.5375,6.99,11.551,5.5927500000000006,13.221499999999999,11.0,14.0,10.0,16.0,8.0,18.0
2019-05-26,30,28,Madrid,PSOE,True,27.31,22.87,3.0182616371017277,37.0,33.0,2.5507720000000003,20.97,24.7725,18.833,26.431,16.68375,28.27875,30.0,35.25,28.0,38.0,24.0,41.0
2019-05-26,30,28,Madrid,PP,True,22.23,20.57,2.5918211743096786,30.0,30.0,0.8457880000000002,19.245,22.1525,17.802999999999997,23.942,14.79475,25.635749999999998,27.0,32.0,25.0,35.0,22.0,37.0
2019-05-26,30,28,Madrid,Cs,True,19.46,17.525,2.5279563679778967,26.0,25.0,0.9319440000000001,15.67,19.1425,14.359,20.36,12.183750000000002,22.40525,23.0,27.0,20.0,30.0,18.0,33.0
2019-05-26,30,28,Madrid,MM,True,14.69,11.06,2.964561582664142,20.0,16.0,2.715196,9.395,13.024999999999999,7.565999999999999,14.549999999999999,4.850500000000001,17.2235,13.0,18.0,11.0,21.0,0.0,24.0
2019-05-26,30,28,Madrid,VOX,True,8.88,11.645,3.3852832141491502,12.0,17.0,2.717236,9.675,13.3925,7.289,15.7,4.961750000000001,17.991249999999994,13.0,19.0,10.0,22.0,3.325000000000072,25.0
2019-05-26,30,28,Madrid,UP,True,5.6,9.15,2.248709308381143,7.0,13.0,4.090352,7.5075,10.629999999999999,6.37,12.051,4.792750000000001,13.635250000000001,11.0,15.0,9.0,17.0,0.0,19.0
2021-05-04,6,28,Madrid,PP,True,44.76,40.405,2.81619471620838,65.0,59.0,4.05068,38.6575,42.3425,36.584,43.741,35.0155,45.87575,56.0,62.0,54.0,64.0,51.0,67.52499999999998
2021-05-04,6,28,Madrid,MM,True,16.99,15.895,1.913530577649597,24.0,23.0,0.8100319999999999,14.8975,17.235,13.687,18.327,12.26425,19.621,21.0,25.0,20.0,27.0,17.0,28.0
2021-05-04,6,28,Madrid,PSOE,True,16.8,20.735,2.3014948968007727,24.0,30.0,4.290768,19.13,22.15,17.926,23.5,16.149,24.978249999999996,28.0,32.0,26.0,34.0,23.0,36.0
2021-05-04,6,28,Madrid,VOX,True,9.15,8.97,1.6593535025424813,13.0,13.0,0.5409079999999999,7.9375,10.032499999999999,6.973,11.071,5.804250000000001,12.326749999999997,11.0,14.0,10.0,16.0,8.0,18.0
2021-05-04,6,28,Madrid,UP,True,7.24,7.265,1.59562400132362,10.0,10.0,0.5099639999999999,6.3675,8.3475,5.414,9.251,4.009,10.1305,9.0,12.0,8.0,13.0,0.0,15.0
2021-05-04,6,28,Madrid,Cs,True,3.57,3.73,1.4557029986916974,0.0,0.0,0.25741599999999987,2.73,4.5825,1.88,5.561,0.8617500000000013,6.656749999999999,0.0,0.0,0.0,7.0,0.0,9.0
2021-05-04,30,28,Madrid,PP,True,44.76,40.82,3.4256690455442427,65.0,60.0,2.8067599999999997,38.7575,43.025000000000006,36.427,45.041,34.19175,47.373,57.0,64.0,54.0,67.0,50.0,72.0
2021-05-04,30,28,Madrid,MM,True,16.99,11.445,2.5243667609125264,24.0,17.0,5.314688,9.93,13.137500000000001,8.312,14.61,6.069,16.51575,14.0,19.0,12.0,21.0,9.0,24.0
2021-05-04,30,28,Madrid,PSOE,True,16.8,23.42,2.9058340665633335,24.0,34.0,8.146268,21.66,24.94,20.096,27.092,17.876,29.450249999999997,32.0,37.0,29.0,40.0,27.0,43.0
2021-05-04,30,28,Madrid,VOX,True,9.15,7.04,2.4519367870318356,13.0,10.0,2.0849879999999996,5.61,8.5625,4.0489999999999995,10.051,2.3280000000000007,11.671,8.0,12.0,0.0,14.0,0.0,17.524999999999977
2021-05-04,30,28,Madrid,UP,True,7.24,9.065000000000001,2.1277654780543838,10.0,13.0,1.789532,7.705,10.459999999999999,6.529,11.614,4.396500000000001,12.99525,11.0,15.0,9.0,17.0,0.0,19.0
2021-05-04,30,28,Madrid,Cs,True,3.57,4.105,2.058562317346745,0.0,0.0,0.81846,2.68,5.425,1.4489999999999998,6.78,0.35175000000000134,8.43625,0.0,7.0,0.0,9.0,0.0,12.0
2023-05-28,6,28,Madrid,PP,True,47.32,46.62,2.9368545350425515,70.0,68.0,1.4253240000000003,44.79,48.61,42.589,50.062000000000005,40.923,52.01575,65.0,71.0,62.0,73.0,60.0,77.0
2023-05-28,6,28,Madrid,MM,True,18.36,18.075,1.9540471789596074,27.0,26.0,0.763244,17.02,19.442500000000003,15.789,20.584,14.36425,21.856749999999998,24.0,28.0,23.0,30.0,21.0,32.0
2023-05-28,6,28,Madrid,PSOE,True,18.18,17.14,2.1238269436091066,27.0,25.0,1.39062,15.6725,18.4825,14.57,19.742,12.93425,21.065749999999998,23.0,27.0,21.0,29.0,19.0,30.0
2023-05-28,6,28,Madrid,VOX,True,7.35,8.445,1.5839270956707574,11.0,12.0,0.6517559999999998,7.4475,9.445,6.51,10.463000000000001,5.4195,11.636749999999997,10.0,13.0,9.0,15.0,8.0,17.0
2023-05-28,6,28,Madrid,UP,True,4.76,5.0600000000000005,1.513785307234814,0.0,7.0,2.058868,4.19,6.06,3.2649999999999997,6.921,1.9695000000000003,7.77525,0.0,8.0,0.0,9.0,0.0,11.0
2023-05-28,6,28,Madrid,Cs,False,1.57,1.58,1.2356403196723553,0.0,0.0,0.0007159999999999944,0.62,2.415,0.0,3.33,0.0,4.39575,0.0,0.0,0.0,0.0,0.0,0.0
2023-05-28,30,28,Madrid,PP,True,47.32,46.46,3.1914368490697105,70.0,68.0,1.5848120000000003,44.2875,48.5725,42.297999999999995,50.423,39.73,52.302,64.0,72.0,62.0,75.0,58.47500000000001,79.0
2023-05-28,30,28,Madrid,MM,True,18.36,18.19,2.3667720376918435,27.0,26.0,0.8379080000000001,16.73,19.715,15.07,21.162,13.7,22.857249999999997,24.0,29.0,22.0,31.0,20.0,34.0
2023-05-28,30,28,Madrid,PSOE,True,18.18,17.005,2.616580812816604,27.0,25.0,1.480432,15.46,18.6625,13.859999999999998,20.101000000000003,12.0785,22.037999999999993,22.0,27.0,20.0,29.0,18.0,32.0
2023-05-28,30,28,Madrid,VOX,True,7.35,7.895,2.0971515785941652,11.0,11.0,0.6729799999999999,6.535,9.205,5.464999999999999,10.61,3.4260000000000015,12.055250000000001,9.0,13.0,8.0,15.0,0.0,17.0
2023-05-28,30,28,Madrid,UP,True,4.76,5.095000000000001,2.063599446695022,0.0,7.0,2.1899560000000005,3.7150000000000003,6.4925,2.459,7.694000000000002,1.1937500000000005,9.296249999999999,0.0,9.0,0.0,11.0,0.0,13.0
2023-05-28,30,28,Madrid,Cs,False,1.57,1.4449999999999998,1.6199027144862743,0.0,0.0,0.01597599999999999,0.245,2.6275,0.0,3.8230000000000004,0.0,5.71,0.0,0.0,0.0,0.0,0.0,8.0
