event_date,horizon,party,main,official,model,mean,crps,seats_valid,lo50,hi50,lo80,hi80,lo95,hi95,model_h,mean_h,crps_h,lo50_h,hi50_h,lo80_h,hi80_h,lo95_h,hi95_h
2021-02-14,6,PSC,True,33.0,32,31.074,1.2422279999999999,True,29.0,33.0,27.0,36.0,25.0,38.0,32,31.066,1.242676,29.0,33.0,27.0,36.0,25.0,38.0
2021-02-14,6,ERC,True,33.0,32,31.38,1.0634800000000002,True,29.0,34.0,27.0,36.0,24.0,38.0,32,31.394,1.0722999999999998,29.0,34.0,27.0,36.0,24.0,38.0
2021-02-14,6,JxCat,True,32.0,34,32.788,0.9568080000000001,True,30.0,35.0,28.0,37.0,25.0,40.0,34,32.784,0.968448,30.0,35.0,28.0,37.0,25.0,40.0
2021-02-14,6,VOX,True,11.0,7,7.364,2.265856,True,6.0,9.0,4.0,11.0,0.0,13.0,7,7.362,2.266852,5.75,9.0,4.0,11.0,0.0,13.0
2021-02-14,6,ECP,True,8.0,9,8.24,0.47221599999999997,True,7.0,10.0,5.0,11.0,4.0,13.0,9,8.24,0.47607200000000005,7.0,10.0,5.0,11.0,4.0,13.0
2021-02-14,6,CUP,True,9.0,8,7.54,0.7475279999999997,True,6.0,9.0,4.0,11.0,0.0,13.0,8,7.546,0.747052,6.0,9.0,4.0,11.0,0.0,13.0
2021-02-14,6,Cs,True,6.0,13,12.338,4.850916,True,11.0,14.0,9.0,16.0,7.0,18.0,13,12.344,4.8521600000000005,11.0,14.0,9.0,16.0,7.0,18.0
2021-02-14,6,PP,True,3.0,0,3.656,1.6411919999999998,True,0.0,7.25,0.0,10.0,0.0,14.0,0,3.654,1.638652,0.0,7.25,0.0,10.0,0.0,14.0
2021-02-14,6,PDeCAT,False,0.0,0,0.62,0.07484000000000002,True,0.0,0.0,0.0,2.1000000000000227,0.0,6.0,0,0.61,0.07329200000000002,0.0,0.0,0.0,2.0,0.0,6.0
2021-02-14,30,PSC,True,33.0,27,27.464,3.4990879999999995,True,24.0,31.0,22.0,34.0,18.0,37.0,27,27.458,3.47338,24.0,31.0,21.89999999999999,34.0,18.0,37.0
2021-02-14,30,ERC,True,33.0,34,35.152,1.5844399999999994,True,32.0,39.0,29.0,42.0,24.47500000000001,46.0,34,35.154,1.6055000000000001,31.75,39.0,28.0,42.0,24.0,47.0
2021-02-14,30,JxCat,True,32.0,31,30.65,1.3149079999999995,True,27.0,34.0,24.0,37.10000000000002,20.0,42.0,31,30.662,1.340116,27.0,34.0,24.0,38.0,20.0,42.0
2021-02-14,30,VOX,True,11.0,6,6.282,3.0454440000000003,True,4.0,9.0,0.0,11.0,0.0,13.524999999999977,6,6.296,3.0372959999999996,4.0,8.25,0.0,11.100000000000023,0.0,14.0
2021-02-14,30,ECP,True,8.0,9,8.87,0.8208599999999999,True,7.0,11.0,5.0,13.0,3.0,16.0,9,8.856,0.8186240000000002,7.0,11.0,5.0,13.0,3.0,16.0
2021-02-14,30,CUP,True,9.0,7,6.37,1.4588999999999999,True,4.0,9.0,0.0,11.0,0.0,13.0,7,6.394,1.4437799999999998,4.0,9.0,0.0,11.0,0.0,13.0
2021-02-14,30,Cs,True,6.0,13,12.458,4.486892000000001,True,10.0,15.0,7.0,17.0,5.0,20.0,13,12.474,4.476652,10.0,15.0,7.0,17.0,4.47500000000001,20.0
2021-02-14,30,PP,True,3.0,8,6.594,2.6192040000000003,True,0.0,11.0,0.0,14.0,0.0,16.0,8,6.568,2.610976,0.0,11.0,0.0,14.0,0.0,16.0
2021-02-14,30,PDeCAT,False,0.0,0,1.13,0.1784119999999999,True,0.0,1.0,0.0,5.0,0.0,9.0,0,1.138,0.18093999999999988,0.0,1.0,0.0,5.0,0.0,9.0
2024-05-12,6,PSC,True,42.0,41,40.64,1.0796000000000001,True,38.0,43.0,36.0,45.0,34.0,48.0,41,40.632,1.085544,38.0,43.0,36.0,45.0,34.0,48.0
2024-05-12,6,JxCat,True,35.0,34,34.014,0.9021640000000002,True,32.0,36.0,30.0,38.0,27.0,41.0,34,34.026,0.90422,32.0,36.0,30.0,38.0,27.0,41.0
2024-05-12,6,ERC,True,20.0,26,25.526,3.8812760000000006,True,23.0,28.0,22.0,30.0,19.0,32.0,26,25.51,3.8523320000000005,23.0,28.0,22.0,30.0,19.0,32.0
2024-05-12,6,PP,True,15.0,12,12.1,1.7828559999999998,True,10.0,14.0,9.0,16.0,6.0,17.0,12,12.116,1.7703119999999999,10.0,14.0,9.0,16.0,6.0,17.0
2024-05-12,6,VOX,True,11.0,10,9.332,0.8800640000000002,True,8.0,11.0,6.0,12.0,5.0,13.524999999999977,10,9.34,0.8754960000000003,8.0,11.0,6.0,12.0,5.0,14.0
2024-05-12,6,ECP,True,6.0,5,5.29,0.598068,True,4.0,7.0,3.0,8.0,0.0,10.0,5,5.284,0.5987360000000002,4.0,7.0,3.0,8.0,0.0,10.0
2024-05-12,6,CUP,True,4.0,5,4.818,0.9360279999999999,True,3.0,7.0,0.0,8.0,0.0,10.524999999999977,5,4.814,0.939228,3.0,7.0,0.0,8.0,0.0,11.0
2024-05-12,6,AC,True,2.0,2,2.972,1.029112,True,0.0,5.0,0.0,7.0,0.0,9.0,2,2.97,1.025204,0.0,5.0,0.0,7.0,0.0,9.0
2024-05-12,6,Cs,False,0.0,0,0.308,0.023424,True,0.0,0.0,0.0,0.0,0.0,3.5249999999999773,0,0.308,0.023424,0.0,0.0,0.0,0.0,0.0,3.5249999999999773
2024-05-12,30,PSC,True,42.0,40,39.464,1.7354799999999995,True,36.0,43.0,32.0,47.0,28.0,51.52499999999998,40,39.458,1.7631800000000002,36.0,43.0,32.0,47.0,27.47500000000001,51.52499999999998
2024-05-12,30,JxCat,True,35.0,30,30.008,3.169208,True,26.0,33.0,24.0,37.0,20.0,41.0,30,30.028,3.159808,26.0,33.0,24.0,37.0,20.0,41.0
2024-05-12,30,ERC,True,20.0,29,28.88,6.211143999999999,True,26.0,32.0,22.0,35.0,19.47500000000001,39.52499999999998,29,28.886,6.168284,26.0,32.0,22.0,35.0,19.0,40.0
2024-05-12,30,PP,True,15.0,13,13.354,1.139812,True,11.0,16.0,8.0,18.0,7.0,20.0,13,13.35,1.152908,11.0,16.0,8.0,18.0,6.0,20.524999999999977
2024-05-12,30,VOX,True,11.0,8,8.196,1.612784,True,6.0,11.0,4.0,13.0,0.0,15.0,8,8.194,1.6203560000000001,6.0,11.0,4.0,13.0,0.0,15.0
2024-05-12,30,ECP,True,6.0,8,8.206,1.309668,True,6.0,10.0,4.0,12.0,0.0,16.0,8,8.202,1.300436,6.0,10.0,4.0,12.0,0.0,16.0
2024-05-12,30,CUP,True,4.0,7,6.21,1.6780760000000003,True,3.75,9.0,0.0,11.0,0.0,14.0,7,6.2,1.6793679999999997,3.0,9.0,0.0,11.0,0.0,14.0
2024-05-12,30,AC,True,2.0,0,0.0,2.0,True,0.0,0.0,0.0,0.0,0.0,0.0,0,0.0,2.0,0.0,0.0,0.0,0.0,0.0,0.0
2024-05-12,30,Cs,False,0.0,0,0.682,0.10365200000000008,True,0.0,0.0,0.0,3.0,0.0,5.0,0,0.682,0.10365200000000008,0.0,0.0,0.0,3.0,0.0,5.0
